time[s],duration[s],current[A],voltage[V],energy[J],sum_energy[J]
1671132832.895206,0.0,0.696850696850696,11.6899995803833,0.0,0.0
1671132833.2820694,0.38686347007751465,0.7276507276507275,11.710000038146973,3.2963824059831146,3.2963824059831146
1671132833.6494198,0.36735033988952637,0.6468006468006469,11.6899995803833,2.7775723940065222,6.073954799989637
1671132834.0499349,0.400515079498291,0.7526757526757533,11.6899995803833,3.524043763970575,9.597998563960212
1671132834.4305327,0.3805978298187256,0.7180257180257187,11.6899995803833,3.1946317464322718,12.792630310392484
1671132834.81543,0.38489723205566406,0.719950719950719,11.6899995803833,3.2393811734365214,16.032011483829006
1671132835.2195415,0.4041116237640381,0.7045507045507045,11.6899995803833,3.328343121344499,19.360354605173505
1671132835.6005526,0.3810110092163086,0.7642257642257623,11.6899995803833,3.4038757209718207,22.764230326145327
1671132836.0116842,0.4111316204071045,0.719950719950719,11.6899995803833,3.4601756521819236,26.22440597832725
1671132836.3889265,0.3772423267364502,0.9625009625009607,11.600000381469727,4.2119149284374195,30.43632090676467
1671132836.7923825,0.4034559726715088,1.0991760991760984,11.600000381469727,5.144242451042324,35.580563357806994
1671132837.161816,0.3694334030151367,1.0568260568260555,11.600000381469727,4.528951569128511,40.1095149269355
1671132837.5350032,0.3731873035430908,1.0991760991760984,11.600000381469727,4.758303505496611,44.86781843243212
1671132837.9293702,0.394366979598999,1.0722260722260724,11.579999923706055,4.896609424180736,49.764427856612855
1671132838.3401237,0.4107534885406494,1.0298760298760294,11.600000381469727,4.907092156988585,54.67152001360144
1671132838.7118819,0.37175822257995605,0.8258258258258253,11.579999923706055,3.5551473033215357,58.22666731692297
1671132839.0895433,0.37766146659851074,1.0048510048510038,11.579999923706055,4.394534749741044,62.62120206666401
1671132839.48241,0.3928666114807129,0.9259259259259258,11.600000381469727,4.219678558373137,66.84088062503714
1671132839.8569295,0.37451958656311035,1.0433510433510413,11.579999923706055,4.524947518353661,71.3658281433908
1671132840.2955208,0.43859124183654785,1.041426041426041,11.600000381469727,5.298420127403865,76.66424827079467
1671132840.6772163,0.3816955089569092,1.0356510356510351,11.579999923706055,4.577612753050691,81.24186102384536
1671132841.0627272,0.3855109214782715,1.014476014476015,11.579999923706055,4.5288405031346475,85.77070152698
1671132841.446851,0.3841238021850586,1.0857010857010843,11.579999923706055,4.829365192881558,90.60006671986156
1671132841.8268504,0.37999939918518066,0.9971509971509976,11.579999923706055,4.38785628134034,94.98792300120189
1671132842.2134588,0.386608362197876,1.027951027951029,11.579999923706055,4.602059455107904,99.5899824563098
1671132842.5931346,0.37967586517333984,1.0010010010010006,11.579999923706055,4.401047537277582,103.99102999358738
1671132843.0031915,0.41005682945251465,1.0356510356510351,11.579999923706055,4.917745501137853,108.90877549472523
1671132843.366431,0.3632395267486572,1.0568260568260555,11.579999923706055,4.445341912928354,113.35411740765359
1671132843.7455068,0.3790757656097412,1.1165011165011158,11.579999923706055,4.901101977683408,118.255219385337
1671132844.1542268,0.4087200164794922,0.873950873950874,11.5600004196167,4.129246202263682,122.38446558760069
1671132844.5297103,0.37548351287841797,1.0472010472010467,11.579999923706055,4.553333879001729,126.93779946660241
1671132844.9430525,0.4133422374725342,1.0703010703010698,11.5600004196167,5.114151574414907,132.05195104101733
1671132845.2763746,0.33332204818725586,0.9740509740509722,11.579999923706055,3.7597094441450074,135.81166048516235
1671132845.700086,0.42371153831481934,1.0626010626010636,11.579999923706055,5.213736676888737,141.0253971620511
1671132846.1193144,0.41922831535339355,0.847000847000848,11.600000381469727,4.119006298471171,145.14440346052226
1671132846.5292928,0.40997838973999023,0.9856009856009861,11.619999885559082,4.6953526738902704,149.83975613441254
1671132846.9366791,0.40738630294799805,0.979825979825978,11.630000114440918,4.642320204247704,154.48207633866025
1671132847.336128,0.39944887161254883,0.9605759605759604,11.630000114440918,4.462442482600007,158.94451882126026
1671132847.7071235,0.37099552154541016,0.9451759451759434,11.630000114440918,4.078129817110993,163.02264863837127
1671132848.1195958,0.4124722480773926,0.827750827750828,11.630000114440918,3.9707640057515694,166.99341264412283
1671132848.549587,0.4299912452697754,0.8162008162008141,11.630000114440918,4.081655598365929,171.07506824248875
1671132848.923657,0.3740699291229248,0.766150766150765,11.630000114440918,3.3330878200631195,174.40815606255188
1671132849.384007,0.46035003662109375,0.8200508200508195,11.649999618530273,4.397996307725291,178.80615237027718
1671132849.7942445,0.41023755073547363,0.6102256102256096,11.649999618530273,2.9164313104167494,181.72258368069393
1671132850.2018883,0.40764379501342773,0.7719257719257708,11.670000076293945,3.672207689770322,185.39479137046425
1671132850.5739512,0.37206292152404785,0.716100716100716,11.649999618530273,3.1039621092297733,188.49875347969402
1671132850.9668107,0.39285945892333984,0.743050743050742,11.649999618530273,3.4008039635498273,191.89955744324385
1671132851.3852506,0.4184398651123047,0.6256256256256242,11.649999618530273,3.0498149830681913,194.94937242631204
1671132851.8010976,0.4158470630645752,0.7526757526757533,11.649999618530273,3.6464265944657592,198.5957990207778
1671132852.1832464,0.38214874267578125,0.804650804650805,11.5600004196167,3.5546572794671505,202.15045630024497
1671132852.6395833,0.45633697509765625,1.0568260568260555,11.579999923706055,5.584672736412359,207.73512903665733
1671132853.1052742,0.46569085121154785,1.0972510972510983,11.5600004196167,5.906926673188148,213.64205570984547
1671132853.5130553,0.40778112411499023,1.1261261261261246,11.579999923706055,5.3176862456535465,218.959741955499
1671132853.868376,0.35532069206237793,0.9721259721259718,11.579999923706055,3.9999227331593645,222.95966468865836
1671132854.3024411,0.4340651035308838,1.016401016401015,11.5600004196167,5.100089680622568,228.05975436928094
1671132854.6920133,0.3895721435546875,1.0587510587510582,11.579999923706055,4.776285835744795,232.83604020502574
1671132855.0871913,0.39517807960510254,1.0298760298760294,11.579999923706055,4.712879688240941,237.54891989326669
1671132855.526114,0.438922643661499,1.0722260722260724,11.5600004196167,5.440417131194182,242.98933702446087
1671132855.9304695,0.404355525970459,1.027951027951029,11.579999923706055,4.813315886232799,247.80265291069367
1671132856.34723,0.4167604446411133,1.0010010010010006,11.579999923706055,4.830916833981773,252.63356974467544
1671132856.800668,0.45343804359436035,1.0452760452760463,11.600000381469727,5.498028110642252,258.1315978553177
1671132857.2390127,0.43834471702575684,1.0703010703010698,11.579999923706055,5.432882257414451,263.56448011273216
1671132857.7181447,0.47913193702697754,1.0202510202510207,11.5600004196167,5.650931043224611,269.21541115595676
1671132858.1162536,0.39810895919799805,1.1684761684761675,11.5600004196167,5.377490604791112,274.59290176074785
1671132858.5272574,0.41100382804870605,1.027951027951029,11.5600004196167,4.884005472383154,279.476907233131
1671132858.9536195,0.4263620376586914,0.9009009009009001,11.579999923706055,4.447993120323243,283.92490035345423
1671132859.362223,0.4086034297943115,1.0741510741510727,11.5600004196167,5.073705142628231,288.99860549608246
1671132859.8369758,0.47475290298461914,1.0818510818510811,11.579999923706055,5.94762624576828,294.94623174185074
1671132860.2710557,0.4340798854827881,1.1511511511511503,11.5600004196167,5.776434641719144,300.7226663835699
1671132860.714852,0.44379639625549316,1.0606760606760586,11.5600004196167,5.441572103531928,306.16423848710184
1671132861.1585162,0.4436640739440918,0.9952259952259949,11.579999923706055,5.113102872551498,311.27734135965335
1671132861.6023304,0.4438142776489258,1.014476014476015,11.5600004196167,5.204762330204775,316.48210368985815
1671132862.039976,0.43764543533325195,0.9509509509509516,11.579999923706055,4.819356759140036,321.30146044899817
1671132862.4927106,0.45273470878601074,0.9336259336259343,11.600000381469727,4.903144597273855,326.20460504627204
1671132862.9120398,0.4193291664123535,0.8566258566258568,11.619999885559082,4.173999317099397,330.37860436337144
1671132863.3001373,0.38809752464294434,0.9413259413259404,11.619999885559082,4.245091188991071,334.6236955523625
1671132863.7770348,0.4768974781036377,0.7796257796257793,11.619999885559082,4.320334179564202,338.9440297319267
1671132864.192555,0.41552019119262695,0.8893508893508886,11.619999885559082,4.2940925410735415,343.2381222730003
1671132864.6300724,0.4375174045562744,1.0087010087010067,11.619999885559082,5.128187703122312,348.3663099761226
1671132865.0698893,0.439816951751709,0.847000847000848,11.630000114440918,4.332469638196644,352.6987796143192
1671132865.5403616,0.4704723358154297,0.8104258104258107,11.630000114440918,4.43432045017472,357.13310006449393
1671132865.9891613,0.44879961013793945,0.8239008239008225,11.630000114440918,4.300382908657761,361.4334829731517
1671132866.439648,0.4504866600036621,0.7584507584507589,11.649999618530273,3.980478074950111,365.4139610481018
1671132866.840565,0.40091705322265625,0.7931007931007935,11.649999618530273,3.704322801739752,369.11828384984153
1671132867.286709,0.44614410400390625,0.7276507276507275,11.649999618530273,3.7820218804766386,372.90030573031817
1671132867.7212822,0.4345731735229492,0.7777007777007765,11.649999618530273,3.9373258480199422,376.8376315783381
1671132868.0960584,0.37477612495422363,0.743050743050742,11.5600004196167,3.2192020759778854,380.056833654316
1671132868.5457754,0.44971704483032227,1.0318010318010322,11.579999923706055,5.373334320524184,385.4301679748402
1671132869.0146463,0.4688708782196045,1.0029260029260034,11.579999923706055,5.445411539269535,390.8755795141097
1671132869.4357572,0.4211108684539795,0.9432509432509432,11.5600004196167,4.591785034758308,395.467364548868
1671132869.862412,0.4266548156738281,0.8989758989758998,11.5600004196167,4.433865864170286,399.90123041303826
1671132870.2650049,0.40259289741516113,1.022176022176021,11.5600004196167,4.7571806950828766,404.65841110812113
1671132870.71536,0.45035505294799805,0.9933009933009946,11.5600004196167,5.171228871457165,409.8296399795783
1671132871.140329,0.424968957901001,1.0529760529760523,11.5600004196167,5.172893679097988,415.00253365867627
1671132871.529703,0.3893740177154541,1.083776083776084,11.5600004196167,4.878253684462328,419.8807873431386
1671132871.9704542,0.440751314163208,1.0606760606760586,11.5600004196167,5.404235086138024,425.28502242927664
1671132872.4251382,0.4546840190887451,1.1165011165011158,11.539999961853027,5.858341161362886,431.1433635906395
1671132872.893804,0.46866583824157715,1.022176022176021,11.5600004196167,5.53792203598797,436.68128562662747
1671132873.3532195,0.4594154357910156,1.0318010318010322,11.600000381469727,5.4986939006504025,442.17997952727785
1671132873.7931561,0.43993663787841797,0.9779009779009776,11.579999923706055,4.981883511200294,447.16186303847815
1671132874.234329,0.44117283821105957,1.083776083776084,11.600000381469727,5.54633800442434,452.7082010429025
1671132874.689888,0.45555901527404785,0.8912758912758914,11.600000381469727,4.709933856346558,457.418134899249
1671132875.1311336,0.44124555587768555,0.9028259028259028,11.600000381469727,4.62106799326229,462.0392028925113
1671132875.578955,0.44782137870788574,0.8624008624008626,11.600000381469727,4.479938048435195,466.5191409409465
1671132876.001642,0.4226870536804199,0.8219758219758223,11.619999885559082,4.037235776301585,470.5563767172481
1671132876.4504762,0.4488341808319092,0.6294756294756296,11.619999885559082,3.2830006419455717,473.8393773591937
1671132876.8977306,0.4472544193267822,0.8489258489258483,11.619999885559082,4.4119493896094415,478.25132674880314
1671132877.3392553,0.4415247440338135,0.8123508123508135,11.630000114440918,4.17136685065223,482.4226935994554
1671132877.801161,0.46190571784973145,0.7276507276507275,11.630000114440918,3.908913187128173,486.33160678658356
1671132878.1903543,0.3891932964324951,0.7969507969507965,11.630000114440918,3.6072528027421944,489.9388595893258
1671132878.6061263,0.4157719612121582,0.7757757757757763,11.630000114440918,3.7512078741451598,493.69006746347094
1671132879.0094829,0.40335655212402344,0.6987756987756987,11.649999618530273,3.2836194564770365,496.97368691994797
1671132879.3900375,0.3805546760559082,0.7411257411257417,11.579999923706055,3.266010050592824,500.23969697054076
1671132879.8132203,0.42318272590637207,1.0337260337260326,11.5600004196167,5.056979992725473,505.29667696326624
1671132880.240157,0.42693662643432617,1.1203511203511187,11.5600004196167,5.529367005438467,510.8260439687047
1671132880.6132402,0.37308335304260254,0.916300916300917,11.5600004196167,3.9518626504136045,514.7779066191183
1671132881.0104246,0.3971843719482422,1.022176022176021,11.5600004196167,4.693271636812635,519.4711782559309
1671132881.4038086,0.3933839797973633,1.014476014476015,11.5600004196167,4.6133489219897985,524.0845271779207
1671132881.7937305,0.3899219036102295,0.9779009779009776,11.539999961853027,4.400259810610909,528.4847869885316
1671132882.220361,0.42663049697875977,1.0587510587510582,11.539999961853027,5.212565941659204,533.6973529301908
1671132882.6661873,0.44582629203796387,1.0972510972510983,11.5600004196167,5.654960171960353,539.3523131021512
1671132883.0616593,0.39547204971313477,1.022176022176021,11.5600004196167,4.6730382289882195,544.0253513311395
1671132883.4832532,0.42159390449523926,1.0433510433510413,11.5600004196167,5.084902472428307,549.1102538035678
1671132883.8605132,0.3772599697113037,1.095326095326093,11.539999961853027,4.768589821605982,553.8788436251738
1671132884.2231421,0.3626289367675781,1.0895510895510896,11.5600004196167,4.567387992296666,558.4462316174704
1671132884.610989,0.3878469467163086,1.0606760606760586,11.579999923706055,4.763780039606614,563.210011657077
1671132885.031308,0.4203188419342041,0.9259259259259258,11.579999923706055,4.506751997713241,567.7167636547902
1671132885.4082103,0.37690234184265137,0.8893508893508886,11.579999923706055,3.8815978275959226,571.598361482386
1671132885.7860303,0.3778200149536133,0.897050897050897,11.600000381469727,3.931516016009059,575.5298774983951
1671132886.1565306,0.3705003261566162,0.827750827750828,11.600000381469727,3.5575107562237336,579.0873882546188
1671132886.5124967,0.35596609115600586,1.0472010472010467,11.600000381469727,4.32410967794867,583.4114979325674
1671132886.9081397,0.3956429958343506,0.8162008162008141,11.600000381469727,3.745920102225716,587.1574180347931
1671132887.2852318,0.3770921230316162,0.8296758296758308,11.619999885559082,3.6354822010658694,590.792900235859
1671132887.7009685,0.41573667526245117,0.8258258258258253,11.630000114440918,3.9928823866122745,594.7857826224712
1671132888.1153708,0.4144022464752197,0.7084007084007075,11.630000114440918,3.4141359205489046,598.1999185430201
1671132888.5138435,0.39847278594970703,0.8219758219758223,11.630000114440918,3.809232038242059,602.0091505812621
1671132888.874672,0.3608283996582031,0.7777007777007765,11.630000114440918,3.2635702414811836,605.2727208227433
1671132889.274565,0.39989304542541504,0.7931007931007935,11.630000114440918,3.6885184022357413,608.9612392249791
1671132889.655702,0.3811371326446533,0.7815507815507796,11.630000114440918,3.464321452005171,612.4255606769842
1671132890.0524569,0.39675474166870117,0.6371756371756381,11.649999618530273,2.945148508102217,615.3707091850864
1671132890.4496999,0.39724302291870117,0.827750827750828,11.630000114440918,3.8241561809161113,619.1948653660025
1671132890.860796,0.41109609603881836,0.7950257950257938,11.5600004196167,3.77817806390979,622.9730434299123
1671132891.272466,0.4116699695587158,1.016401016401015,11.5600004196167,4.836955900140057,627.8099993300524
1671132891.6723754,0.39990949630737305,0.8989758989758998,11.5600004196167,4.155924178740174,631.9659235087926
1671132892.0623813,0.39000582695007324,0.9432509432509432,11.579999923706055,4.2599735287212495,636.2258970375138
1671132892.457476,0.395094633102417,0.9009009009009001,11.5600004196167,4.1146793913984165,640.3405764289123
1671132892.8639243,0.4064483642578125,1.0241010241010238,11.5600004196167,4.811782965754883,645.1523593946672
1671132893.2472396,0.3833153247833252,1.0395010395010382,11.5600004196167,4.606159371456076,649.7585187661233
1671132893.6483552,0.40111565589904785,1.0799260799260808,11.539999961853027,4.998842459318988,654.7573612254423
1671132894.041094,0.39273881912231445,1.087626087626087,11.539999961853027,4.929345434077704,659.68670665952
1671132894.427165,0.38607096672058105,1.0067760067760063,11.539999961853027,4.485447806002691,664.1721544655227
1671132894.811076,0.3839108943939209,1.1453761453761446,11.539999961853027,5.074396252912874,669.2465507184355
1671132895.2006452,0.3895692825317383,1.0029260029260034,11.539999961853027,4.508783730642854,673.7553344490784
1671132895.5767899,0.3761446475982666,1.014476014476015,11.539999961853027,4.403545388424695,678.1588798375032
1671132895.9887407,0.41195082664489746,0.9471009471009462,11.5600004196167,4.510238412657304,682.6691182501604
1671132896.3770216,0.38828086853027344,0.9779009779009776,11.579999923706055,4.396928762227996,687.0660470123884
1671132896.7610607,0.38403916358947754,0.9413259413259404,11.579999923706055,4.186239767069786,691.2522867794581
1671132897.14383,0.3827693462371826,0.9605759605759604,11.600000381469727,4.2650769165718625,695.51736369603
1671132897.5417585,0.39792847633361816,0.8874258874258859,11.600000381469727,4.096331697120924,699.6136953931509
1671132897.939371,0.3976125717163086,0.9240009240009232,11.600000381469727,4.261774990608764,703.8754703837596
1671132898.36116,0.42178893089294434,0.8547008547008541,11.619999885559082,4.1890489988941,708.0645193826538
1671132898.7534866,0.39232659339904785,0.7700007700007705,11.619999885559082,3.5103064375134547,711.5748258201672
1671132899.1519613,0.39847469329833984,0.7854007854007851,11.630000114440918,3.6397520160427583,715.21457783621
1671132899.51299,0.36102867126464844,0.8643258643258652,11.619999885559082,3.625979345367803,718.8405571815778
1671132899.9272802,0.414290189743042,0.7584507584507589,11.619999885559082,3.65122135831321,722.491778539891
1671132900.306238,0.37895774841308594,0.7084007084007075,11.630000114440918,3.1221193230303066,725.6138978629214
1671132900.7042906,0.3980526924133301,0.7315007315007305,11.630000114440918,3.3863750022364756,729.0002728651579
1671132901.0796702,0.3753795623779297,0.7276507276507275,11.630000114440918,3.176678843440615,732.1769517085985
1671132901.4713972,0.3917269706726074,0.7315007315007305,11.630000114440918,3.332559850669447,735.5095115592679
1671132901.8463826,0.3749854564666748,0.7276507276507275,11.630000114440918,3.1733436914082893,738.6828552506762
1671132902.213576,0.36719346046447754,0.7988757988757968,11.5600004196167,3.3910332855464906,742.0738885362227
1671132902.5667145,0.35313844680786133,1.0491260491260495,11.539999961853027,4.275417005788287,746.349305542011
1671132902.969219,0.40250444412231445,0.9913759913759894,11.539999961853027,4.604843601208602,750.9541491432196
1671132903.3408074,0.37158846855163574,0.7064757064757071,11.539999961853027,3.029460316159048,753.9836094593787
1671132903.7562547,0.4154472351074219,1.0356510356510351,11.5600004196167,4.97378681402108,758.9573962733998
1671132904.172085,0.4158303737640381,1.0568260568260555,11.5600004196167,5.080162110313586,764.0375583837134
1671132904.5668738,0.3947887420654297,0.9894509894509892,11.539999961853027,4.507802231355937,768.5453606150694
1671132904.9358544,0.36898064613342285,1.0664510664510667,11.539999961853027,4.540987718173039,773.0863483332424
1671132905.3133366,0.37748217582702637,0.9451759451759434,11.539999961853027,4.117322801013013,777.2036711342554
1671132905.6934497,0.3801131248474121,1.022176022176021,11.539999961853027,4.483780688290003,781.6874518225454
1671132906.0646477,0.3711979389190674,1.1242011242011243,11.539999961853027,4.8156551423810745,786.5031069649265
1671132906.4641933,0.39954566955566406,1.0626010626010636,11.539999961853027,4.8993952997417844,791.4025022646682
1671132906.8221858,0.35799241065979004,1.0472010472010467,11.539999961853027,4.326230901121431,795.7287331657897
1671132907.1973348,0.3751490116119385,1.0510510510510498,11.539999961853027,4.550230789464979,800.2789639552547
1671132907.5755954,0.37826061248779297,0.9836759836759834,11.539999961853027,4.293871041869354,804.572834997124
1671132907.937068,0.36147260665893555,1.0857010857010843,11.539999961853027,4.528886850348491,809.1017218474725
1671132908.342998,0.4059300422668457,1.0818510818510811,11.539999961853027,5.067858554358608,814.1695804018311
1671132908.7300863,0.3870882987976074,1.0895510895510896,11.539999961853027,4.867023576654941,819.036603978486
1671132909.126594,0.39650774002075195,1.0568260568260555,11.539999961853027,4.835718253422523,823.8723222319086
1671132909.5100372,0.38344311714172363,1.1415261415261415,11.539999961853027,5.0511773300467,828.9234995619553
1671132909.905647,0.39560985565185547,0.9817509817509806,11.5600004196167,4.489792772856265,833.4132923348116
1671132910.3128946,0.40724754333496094,0.9702009702009692,11.539999961853027,4.559592022432611,837.9728843572442
1671132910.6851091,0.37221455574035645,0.9047509047509031,11.539999961853027,3.886227190173016,841.8591115474172
1671132911.0697777,0.38466858863830566,1.1280511280511272,11.510000228881836,4.994486464072805,846.85359801149
1671132911.5335543,0.4637765884399414,1.1627011627011619,11.510000228881836,6.206578613252927,853.0601766247429
1671132911.9519272,0.41837286949157715,1.1088011088011074,11.520000457763672,5.344039526607194,858.40421615135
1671132912.390912,0.43898487091064453,1.2146762146762136,11.520000457763672,6.142746268642235,864.5469624199923
1671132912.7700012,0.3790891170501709,1.1203511203511187,11.520000457763672,4.892692998259012,869.4396554182513
1671132913.1937065,0.4237053394317627,1.0991760991760984,11.539999961853027,5.374487048783731,874.814142467035
1671132913.6278052,0.4340987205505371,1.064526064526064,11.539999961853027,5.332742488415887,880.1468849554509
1671132914.0227654,0.3949601650238037,1.0087010087010067,11.5600004196167,4.605466214031898,884.7523511694828
1671132914.3796203,0.3568549156188965,0.9663509663509662,11.5600004196167,3.9864325346441745,888.7387837041271
1671132914.7776287,0.3980083465576172,0.9509509509509516,11.579999923706055,4.3828726642973015,893.1216563684244
1671132915.194966,0.41733741760253906,0.8758758758758743,11.579999923706055,4.2329042602576985,897.3545606286821
1671132915.6132455,0.41827940940856934,0.8604758604758598,11.600000381469727,4.175064420168338,901.5296250488504
1671132916.0318356,0.41859006881713867,0.8412258412258399,11.600000381469727,4.084694014452435,905.6143190633029
1671132916.4542034,0.42236781120300293,0.8123508123508135,11.579999923706055,3.9732234378143847,909.5875425011172
1671132916.8413458,0.3871424198150635,0.8008008008007995,11.600000381469727,3.596278052082356,913.1838205531996
1671132917.2539043,0.41255855560302734,0.8527758527758513,11.600000381469727,4.0811118334710725,917.2649323866706
1671132917.6575942,0.4036898612976074,0.696850696850696,11.619999885559082,3.268840308448446,920.5337726951191
1671132918.0525928,0.39499855041503906,0.746900746900745,11.619999885559082,3.428187123508265,923.9619598186273
1671132918.475382,0.4227893352508545,0.7372757372757363,11.619999885559082,3.6220971094734935,927.5840569281008
1671132918.9069939,0.4316117763519287,0.8797258797258798,11.630000114440918,4.415911620897262,931.9999685489981
1671132919.3008747,0.39388084411621094,0.7854007854007851,11.630000114440918,3.5977908272815657,935.5977593762797
1671132919.7052681,0.40439343452453613,0.7603757603757593,11.619999885559082,3.573044981219487,939.1708043574992
1671132920.1439753,0.4387071132659912,0.8989758989758998,11.5600004196167,4.559115290440835,943.7299196479399
1671132920.523592,0.37961673736572266,0.9952259952259949,11.539999961853027,4.359863283764208,948.0897829317041
1671132920.9556842,0.43209218978881836,1.0010010010010006,11.539999961853027,4.991335188868822,953.0811181205729
1671132921.3882742,0.4325900077819824,1.0626010626010636,11.539999961853027,5.3045987288495215,958.3857168494225
1671132921.80973,0.42145586013793945,0.7834757834757823,11.539999961853027,3.810513298366099,962.1962301477886
1671132922.2335076,0.42377758026123047,1.0395010395010382,11.539999961853027,5.083568877389565,967.2797990251781
1671132922.6428003,0.40929269790649414,1.1434511434511418,11.539999961853027,5.400791569698986,972.6805905948771
1671132923.0657609,0.4229605197906494,0.999075999075998,11.539999961853027,4.876454366650211,977.5570449615274
1671132923.492082,0.42632126808166504,1.014476014476015,11.539999961853027,4.990965752232162,982.5480107137595
1671132923.878578,0.38649582862854004,0.9509509509509516,11.539999961853027,4.241395150398622,986.7894058641581
1671132924.2861028,0.40752482414245605,1.0067760067760063,11.539999961853027,4.734702906744028,991.5241087709021
1671132924.7293189,0.44321608543395996,1.0587510587510582,11.539999961853027,5.415208448737775,996.9393172196399
1671132925.1431198,0.4138009548187256,1.0895510895510896,11.539999961853027,5.202893007618632,1002.1422102272585
1671132925.558812,0.4156920909881592,1.09147609147609,11.520000457763672,5.226831322656904,1007.3690415499154
1671132925.9941027,0.4352908134460449,1.016401016401015,11.539999961853027,5.105642474122021,1012.4746840240375
1671132926.471289,0.4771862030029297,1.106876106876107,11.520000457763672,6.08470303821812,1018.5593870622556
1671132926.9444122,0.47312331199645996,0.9952259952259949,11.539999961853027,5.433777685832194,1023.9931647480878
1671132927.3841124,0.4397001266479492,1.0125510125510122,11.539999961853027,5.137825032600675,1029.1309897806884
1671132927.8467705,0.462658166885376,1.0491260491260495,11.539999961853027,5.601362900156862,1034.7323526808452
1671132928.2107403,0.3639698028564453,1.0895510895510896,11.520000457763672,4.568413950996027,1039.3007666318413
1671132928.7055304,0.49479007720947266,0.8489258489258483,11.520000457763672,4.838861986859877,1044.1396286187012
1671132929.1372147,0.4316842555999756,1.016401016401015,11.539999961853027,5.063340191704219,1049.2029688104053
1671132929.547821,0.41060638427734375,1.0529760529760523,11.520000457763672,4.980772304910909,1054.1837411153163
1671132929.9919915,0.4441704750061035,0.999075999075998,11.539999961853027,5.120991087897978,1059.3047322032141
1671132930.4084349,0.4164433479309082,1.0606760606760586,11.539999961853027,5.097350575189375,1064.4020827784036
1671132930.8926797,0.48424482345581055,1.137676137676136,11.520000457763672,6.346527002844085,1070.7486097812478
1671132931.311503,0.4188232421875,1.1088011088011074,11.520000457763672,5.349792312373731,1076.0984020936214
1671132931.713457,0.40195417404174805,1.037576037576038,11.520000457763672,4.804508571975737,1080.9029106655971
1671132932.1125095,0.39905238151550293,1.1723261723261706,11.520000457763672,5.389281441437081,1086.2921921070342
1671132932.4649682,0.3524587154388428,1.0318010318010322,11.520000457763672,4.189447073755045,1090.4816391807892
1671132932.843824,0.37885570526123047,1.027951027951029,11.520000457763672,4.486407864693723,1094.968047045483
1671132933.2623343,0.41851043701171875,1.0298760298760294,11.520000457763672,4.965279948959194,1099.9333269944423
1671132933.6998534,0.4375190734863281,1.0799260799260808,11.520000457763672,5.443064947560703,1105.376391942003
1671132934.1068811,0.4070277214050293,0.9856009856009861,11.520000457763672,4.621443141020103,1109.9978350830231
1671132934.565126,0.45824480056762695,0.9317009317009316,11.520000457763672,4.9184308754072,1114.9162659584304
1671132935.0168993,0.45177340507507324,1.0626010626010636,11.520000457763672,5.5302326710656935,1120.446498629496
1671132935.4378703,0.4209709167480469,1.037576037576038,11.520000457763672,5.0318133476041655,1125.4783119771002
1671132935.9114203,0.47355008125305176,1.0664510664510667,11.520000457763672,5.817807466420819,1131.296119443521
1671132936.3666708,0.45525050163269043,1.014476014476015,11.520000457763672,5.3204052422757835,1136.6165246857968
1671132936.7996147,0.43294382095336914,1.0356510356510351,11.539999961853027,5.174290371872012,1141.7908150576689
1671132937.248415,0.44880032539367676,1.0260260260260239,11.520000457763672,5.304739192021143,1147.09555424969
1671132937.669709,0.4212939739227295,1.0606760606760586,11.520000457763672,5.147786308647193,1152.2433405583372
1671132938.126474,0.45676493644714355,1.0780010780010758,11.520000457763672,5.6723686669331395,1157.9157092252703
1671132938.5764313,0.44995737075805664,1.0318010318010322,11.539999961853027,5.357635154734613,1163.273344380005
1671132939.020521,0.4440896511077881,0.9259259259259258,11.5600004196167,4.753404215882836,1168.026748595888
1671132939.4009664,0.3804454803466797,0.9220759220759204,11.5600004196167,4.055243720765027,1172.081992316653
1671132939.750926,0.3499596118927002,0.9086009086009086,11.5600004196167,3.675775196109681,1175.7577675127627
1671132940.1409001,0.38997411727905273,0.847000847000848,11.5600004196167,3.8183653309648555,1179.5761328437275
1671132940.6296732,0.4887731075286865,0.8874258874258859,11.579999923706055,5.022823909636748,1184.5989567533643
1671132941.0542483,0.4245750904083252,0.8797258797258798,11.579999923706055,4.325242238667331,1188.9241989920317
1671132941.4304132,0.37616491317749023,0.8585508585508571,11.579999923706055,3.7398386674938706,1192.6640376595255
1671132941.80841,0.37799668312072754,0.8200508200508195,11.600000381469727,3.5957274018944982,1196.25976506142
1671132942.2025125,0.3941025733947754,0.8085008085008081,11.619999885559082,3.702506699494201,1199.9622717609143
1671132942.6489527,0.4464402198791504,0.9259259259259258,11.619999885559082,4.8033660221339805,1204.7656377830483
1671132943.0888593,0.43990659713745117,0.7449757449757447,11.619999885559082,3.8081033984916184,1208.5737411815398
1671132943.4606566,0.3717973232269287,0.7892507892507881,11.600000381469727,3.4039195491979166,1211.9776607307379
1671132943.8407369,0.3800802230834961,0.7218757218757217,11.619999885559082,3.1881873330543242,1215.1658480637923
1671132944.297139,0.456402063369751,0.6468006468006469,11.619999885559082,3.4302373267616586,1218.596085390554
1671132944.7229092,0.42577028274536133,0.7045507045507045,11.600000381469727,3.479730445578015,1222.075815836132
1671132945.110332,0.3874228000640869,1.0741510741510727,11.539999961853027,4.802378102452427,1226.8781939385844
1671132945.4659693,0.3556373119354248,1.11072611072611,11.520000457763672,4.550580449414028,1231.4287743879984
1671132945.852344,0.38637471199035645,1.0241010241010238,11.520000457763672,4.558311405610451,1235.987085793609
1671132946.2350755,0.38273143768310547,1.2146762146762136,11.520000457763672,5.355588008859935,1241.3426738024689
1671132946.6249924,0.38991689682006836,0.956725956725955,11.520000457763672,4.297462628857538,1245.6401364313265
1671132947.0243962,0.39940381050109863,1.0722260722260724,11.520000457763672,4.933453777722921,1250.5735902090494
1671132947.454628,0.43023180961608887,1.087626087626087,11.520000457763672,5.390569249447209,1255.9641594584966
1671132947.8135278,0.3588998317718506,1.0356510356510351,11.520000457763672,4.281926368197092,1260.2460858266936
1671132948.263339,0.4498112201690674,1.0587510587510582,11.520000457763672,5.486263194425558,1265.7323490211193
1671132948.6414187,0.3780796527862549,1.0433510433510413,11.520000457763672,4.544292278927923,1270.2766413000472
1671132949.0015507,0.36013197898864746,0.9817509817509806,11.520000457763672,4.073010485543854,1274.349651785591
1671132949.4170568,0.41550612449645996,0.9682759682759688,11.520000457763672,4.6347795188161705,1278.9844313044073
1671132949.8665833,0.4495265483856201,1.0587510587510582,11.539999961853027,5.4923096041658725,1284.4767409085732
1671132950.2308044,0.36422109603881836,1.0491260491260495,11.539999961853027,4.409593693202333,1288.8863346017756
1671132950.6440575,0.4132530689239502,1.0510510510510498,11.520000457763672,5.003713033368318,1293.890047635144
1671132950.9993846,0.35532712936401367,1.016401016401015,11.520000457763672,4.160504099997424,1298.0505517351414
1671132951.3857083,0.3863236904144287,1.0587510587510582,11.520000457763672,4.71191768639898,1302.7624694215403
1671132951.7822216,0.3965132236480713,0.9913759913759894,11.520000457763672,4.528439490907422,1307.2909089124478
1671132952.183448,0.4012265205383301,1.0760760760760755,11.520000457763672,4.973763190979602,1312.2646721034273
1671132952.5488749,0.36542677879333496,1.0395010395010382,11.520000457763672,4.376004843012804,1316.6406769464402
1671132952.9274,0.3785252571105957,1.0202510202510207,11.520000457763672,4.448917959594716,1321.0895949060348
1671132953.338437,0.41103696823120117,1.1319011319011327,11.520000457763672,5.3597171875001255,1326.449312093535
1671132953.7183301,0.37989306449890137,1.016401016401015,11.539999961853027,4.455867447270132,1330.905179540805
1671132954.1059408,0.38761067390441895,0.9817509817509806,11.520000457763672,4.383788253281403,1335.2889677940864
1671132954.513871,0.4079301357269287,0.9952259952259949,11.520000457763672,4.67692060543269,1339.9658883995191
1671132954.906277,0.39240598678588867,1.0510510510510498,11.520000457763672,4.751294299071842,1344.717182698591
1671132955.298519,0.3922419548034668,1.0029260029260034,11.520000457763672,4.531849016173327,1349.2490317147642
1671132955.694505,0.39598608016967773,0.9933009933009946,11.520000457763672,4.531200565196989,1353.7802322799612
1671132956.0916843,0.39717936515808105,1.2050512050512048,11.520000457763672,5.513719583507635,1359.293951863469
1671132956.4760547,0.3843703269958496,1.0433510433510413,11.510000228881836,4.615892013205711,1363.9098438766746
1671132956.876482,0.40042734146118164,0.9817509817509806,11.520000457763672,4.528741838061692,1368.4385857147363
1671132957.292634,0.4161520004272461,0.8527758527758513,11.520000457763672,4.088268186054444,1372.5268539007907
1671132957.6750057,0.3823716640472412,1.0510510510510498,11.539999961853027,4.637835273217997,1377.1646891740086
1671132958.064046,0.3890402317047119,0.9856009856009861,11.520000457763672,4.417210956016219,1381.5819001300247
1671132958.4865136,0.4224677085876465,1.087626087626087,11.520000457763672,5.293289310311909,1386.8751894403365
1671132958.8579605,0.3714468479156494,0.9240009240009232,11.520000457763672,3.9538626546760454,1390.8290520950125
1671132959.266936,0.40897560119628906,1.1030261030261015,11.510000228881836,5.192284992520709,1396.021337087533
1671132959.6506648,0.3837287425994873,1.11072611072611,11.510000228881836,4.905763912067379,1400.9271009996005
1671132960.0506053,0.39994049072265625,1.1723261723261706,11.520000457763672,5.401275532162473,1406.328376531763
1671132960.4385374,0.38793206214904785,1.068376068376067,11.520000457763672,4.774548646942554,1411.1029251787056
1671132960.8526442,0.4141068458557129,0.9028259028259028,11.520000457763672,4.306940949106788,1415.4098661278124
1671132961.219753,0.3671088218688965,1.199276199276199,11.520000457763672,5.071851534023972,1420.4817176618365
1671132961.6232715,0.4035184383392334,1.0202510202510207,11.510000228881836,4.738553126878009,1425.2202707887145
1671132962.0357163,0.4124448299407959,1.022176022176021,11.520000457763672,4.856730997115266,1430.0770017858297
1671132962.391474,0.3557577133178711,1.0125510125510122,11.510000228881836,4.146164888469587,1434.2231666742994
1671132962.7890341,0.39756011962890625,1.1030261030261015,11.520000457763672,5.051741263465538,1439.274907937765
1671132963.1847262,0.3956921100616455,0.8855008855008856,11.510000228881836,4.03293964655634,1443.3078475843213
1671132963.5879052,0.4031789302825928,1.0337260337260326,11.520000457763672,4.801266121468512,1448.1091137057897
1671132963.962454,0.37454891204833984,0.9336259336259343,11.539999961853027,4.035406173315084,1452.1445198791048
1671132964.3462083,0.38375425338745117,0.9105259105259089,11.539999961853027,4.0322859106237985,1456.1768057897286
1671132964.738964,0.39275574684143066,1.0125510125510122,11.5600004196167,4.59724141584381,1460.7740472055725
1671132965.1867187,0.4477546215057373,0.8797258797258798,11.5600004196167,4.553499520498729,1465.3275467260712
1671132965.573509,0.38679027557373047,0.897050897050897,11.5600004196167,4.010979861665835,1469.338526587737
1671132965.949283,0.37577390670776367,0.8912758912758914,11.5600004196167,3.871654805575066,1473.210181393312
1671132966.3699608,0.42067790031433105,0.8200508200508195,11.579999923706055,3.994836611246003,1477.205018004558
1671132966.7650568,0.3950960636138916,0.8835758835758829,11.579999923706055,4.042547326953857,1481.2475653315119
1671132967.1471715,0.3821146488189697,0.9240009240009232,11.579999923706055,4.088600234853899,1485.3361655663657
1671132967.5525458,0.40537428855895996,0.8008008008007995,11.600000381469727,3.7656391606982558,1489.101804727064
1671132967.9335866,0.3810408115386963,0.7642257642257623,11.579999923706055,3.3721099363077562,1492.4739146633717
1671132968.31869,0.3851034641265869,0.7854007854007851,11.600000381469727,3.5085426483323277,1495.9824573117041
1671132968.698038,0.3793480396270752,0.8450758450758453,11.600000381469727,3.7187033582130544,1499.7011606699173
1671132969.1162183,0.4181802272796631,0.8065758065758053,11.600000381469727,3.9126111563683854,1503.6137718262858
1671132969.499448,0.38322973251342773,0.7796257796257793,11.619999885559082,3.4717745176316526,1507.0855463439175
1671132969.915992,0.41654396057128906,0.8720258720258713,11.520000457763672,4.184491678710157,1511.2700380226277
1671132970.2825518,0.3665597438812256,1.0087010087010067,11.520000457763672,4.259510762050798,1515.5295487846784
1671132970.6550243,0.37247252464294434,1.022176022176021,11.520000457763672,4.386038385465612,1519.915587170144
1671132971.073917,0.41889262199401855,1.0067760067760063,11.510000228881836,4.85412438118826,1524.7697115513322
1671132971.4456692,0.3717522621154785,1.027951027951029,11.520000457763672,4.402288917155288,1529.1720004684876
1671132971.84693,0.4012608528137207,1.0510510510510498,11.510000228881836,4.854292425539142,1534.0262928940267
1671132972.2374358,0.3905057907104492,0.9933009933009946,11.510000228881836,4.464611569407467,1538.4909044634342
1671132972.6306846,0.3932487964630127,1.0183260183260179,11.520000457763672,4.613247325743546,1543.1041517891776
1671132973.0261424,0.39545774459838867,1.022176022176021,11.520000457763672,4.6567001131181165,1547.7608519022958
1671132973.4362457,0.41010332107543945,0.9336259336259343,11.510000228881836,4.406984522849972,1552.1678364251459
1671132973.902988,0.46674227714538574,1.0549010549010551,11.510000228881836,5.667143367966383,1557.8349797931123
1671132974.3289545,0.4259665012359619,1.0029260029260034,11.520000457763672,4.92149257851885,1562.7564723716312
1671132974.6995618,0.3706073760986328,1.0741510741510727,11.510000228881836,4.5819965521599855,1567.3384689237912
1671132975.1111722,0.41161036491394043,1.0587510587510582,11.510000228881836,5.015976489765291,1572.3544454135565
1671132975.4963143,0.38514208793640137,0.9933009933009946,11.510000228881836,4.403288920602924,1576.7577343341595
1671132975.880398,0.38408374786376953,0.9913759913759894,11.510000228881836,4.382678973778033,1581.1404133079375
1671132976.246883,0.3664848804473877,1.0452760452760463,11.510000228881836,4.409226330950807,1585.5496396388883
1671132976.6700773,0.42319440841674805,1.041426041426041,11.510000228881836,5.0727526490267385,1590.622392287915
1671132977.0573056,0.38722825050354004,0.9971509971509976,11.510000228881836,4.444299254056528,1595.0666915419715
1671132977.454343,0.3970375061035156,0.9663509663509662,11.510000228881836,4.416129007152,1599.4828205491235
1671132977.8723044,0.41796135902404785,1.0780010780010758,11.510000228881836,5.185977880374807,1604.6687984294983
1671132978.262109,0.3898046016693115,1.014476014476015,11.510000228881836,4.551599880045768,1609.2203983095442
1671132978.7232008,0.4610917568206787,1.1280511280511272,11.520000457763672,5.991956318418666,1615.212354627963
1671132979.1825764,0.45937561988830566,1.0356510356510351,11.520000457763672,5.480672894149008,1620.6930275221118
1671132979.5496259,0.3670494556427002,1.027951027951029,11.510000228881836,4.342825125234476,1625.0358526473462
1671132979.9699636,0.4203376770019531,0.9856009856009861,11.510000228881836,4.768423077600818,1629.804275724947
1671132980.3239288,0.35396528244018555,1.0318010318010322,11.510000228881836,4.203702352929622,1634.0079780778767
1671132980.697796,0.3738672733306885,1.041426041426041,11.520000457763672,4.485371097082853,1638.4933491749596
1671132981.085958,0.38816189765930176,1.064526064526064,11.510000228881836,4.756029438262643,1643.2493786132222
1671132981.5108259,0.4248678684234619,1.0606760606760586,11.510000228881836,5.186949110267988,1648.4363277234902
1671132981.948166,0.43734002113342285,1.0472010472010467,11.510000228881836,5.271383607414368,1653.7077113309047
1671132982.359249,0.4110832214355469,1.3167013167013168,11.520000457763672,6.235474641941292,1659.9431859728459
1671132982.7548182,0.3955690860748291,1.0529760529760523,11.520000457763672,4.798365597914405,1664.7415515707603
1671132983.224025,0.4692068099975586,1.0433510433510413,11.510000228881836,5.63469085591731,1670.3762424266777
1671132983.6874309,0.4634058475494385,0.7931007931007935,11.510000228881836,4.230242129591128,1674.6064845562687
1671132984.0627806,0.375349760055542,1.0106260106260119,11.510000228881836,4.3661831209647515,1678.9726676772334
1671132984.4793887,0.4166080951690674,1.0260260260260239,11.510000228881836,4.91995821072946,1683.8926258879628
1671132984.9046867,0.42529797554016113,1.0010010010010006,11.510000228881836,4.90007987568592,1688.7927057636487
1671132985.314094,0.409407377243042,0.9913759913759894,11.510000228881836,4.671640270988792,1693.4643460346374
1671132985.743544,0.42945003509521484,1.2127512127512132,11.510000228881836,5.994592864808499,1699.458938899446
1671132986.1847405,0.4411964416503906,1.0703010703010698,11.510000228881836,5.435172010999619,1704.8941109104455
1671132986.6257205,0.4409799575805664,1.0433510433510413,11.510000228881836,5.295715410939901,1710.1898263213855
1671132987.0922945,0.46657395362854004,0.9721259721259718,11.510000228881836,5.220575360153755,1715.4104016815393
1671132987.5605474,0.46825289726257324,1.1088011088011074,11.520000457763672,5.981176538671105,1721.3915782202105
1671132987.974766,0.4142186641693115,1.0991760991760984,11.510000228881836,5.240494534871524,1726.632072755082
1671132988.3577647,0.3829987049102783,1.0202510202510207,11.520000457763672,4.501495698816759,1731.1335684538988
1671132988.7907307,0.4329659938812256,0.9278509278509262,11.520000457763672,4.627905582111276,1735.76147403601
1671132989.2290523,0.438321590423584,0.952875952875952,11.520000457763672,4.8115136993764045,1740.5729877353863
1671132989.6441016,0.41504931449890137,0.9105259105259089,11.520000457763672,4.353559718563424,1744.9265474539498
1671132990.0344281,0.39032649993896484,0.9586509586509576,11.539999961853027,4.318116504223696,1749.2446639581735
1671132990.4569514,0.42252326011657715,0.8662508662508656,11.5600004196167,4.231088932991549,1753.475752891165
1671132990.8313537,0.3744022846221924,0.9047509047509031,11.5600004196167,3.9158438566429004,1757.3915967478079
1671132991.2824872,0.45113348960876465,0.8816508816508826,11.5600004196167,4.59790044807241,1761.9894971958802
1671132991.6510131,0.36852598190307617,1.064526064526064,11.579999923706055,4.5428978128199144,1766.5323950087002
1671132992.0718212,0.4208080768585205,0.7873257873257877,11.5600004196167,3.8299790019454103,1770.3623740106457
1671132992.5028746,0.43105340003967285,0.7757757757757763,11.579999923706055,3.872361074243047,1774.2347350848888
1671132992.8647509,0.3618762493133545,0.7969507969507965,11.600000381469727,3.3454118673539193,1777.5801469522428
1671132993.2788062,0.41405534744262695,0.7295757295757278,11.579999923706055,3.498141175773018,1781.0782881280159
1671132993.72049,0.4416837692260742,0.7988757988757968,11.600000381469727,4.09306563289683,1785.1713537609128
1671132994.1800797,0.45958971977233887,0.7488257488257478,11.600000381469727,3.992170477592996,1789.1635242385057
1671132994.602548,0.4224681854248047,0.804650804650805,11.600000381469727,3.9432967676372175,1793.106821006143
1671132995.012637,0.41008901596069336,0.9355509355509346,11.510000228881836,4.415917048661697,1797.5227380548047
1671132995.428016,0.41537904739379883,1.064526064526064,11.510000228881836,5.0895128794335935,1802.6122509342383
1671132995.8399029,0.41188693046569824,0.7873257873257877,11.510000228881836,3.7325687871503295,1806.3448197213886
1671132996.2939835,0.45408058166503906,1.0491260491260495,11.489999771118164,5.473695329508883,1811.8185150508975
1671132996.7436419,0.4496583938598633,1.0260260260260239,11.510000228881836,5.310267689341137,1817.1287827402386
1671132997.1461008,0.40245890617370605,1.0260260260260239,11.510000228881836,4.752862517246499,1821.8816452574852
1671132997.5266418,0.3805410861968994,0.9933009933009946,11.520000457763672,4.354466157288182,1826.2361114147734
1671132997.9654613,0.43881940841674805,1.0048510048510038,11.520000457763672,5.0797225845204075,1831.3158339992938
1671132998.4244387,0.45897746086120605,1.022176022176021,11.510000228881836,5.399982849866263,1836.71581684916
1671132998.8492172,0.42477846145629883,1.0587510587510582,11.510000228881836,5.176445876111379,1841.8922627252714
1671132999.2667665,0.41754937171936035,1.068376068376067,11.510000228881836,5.134608294935148,1847.0268710202065
1671132999.7073843,0.44061779975891113,1.0799260799260808,11.510000228881836,5.476856967694203,1852.5037279879007
1671133000.1038735,0.39648914337158203,1.0529760529760523,11.510000228881836,4.8053511234945905,1857.3090791113952
1671133000.560548,0.45667457580566406,1.0452760452760463,11.510000228881836,5.494310056829732,1862.803389168225
1671133000.9874406,0.4268925189971924,0.9894509894509892,11.510000228881836,4.861700080006799,1867.6650892482319
1671133001.4755974,0.488156795501709,1.037576037576038,11.510000228881836,5.829812740178041,1873.49490198841
1671133001.8861384,0.4105410575866699,0.9952259952259949,11.510000228881836,4.702768929947977,1878.197670918358
1671133002.3319068,0.4457683563232422,1.0337260337260326,11.489999771118164,5.294618952821161,1883.492289871179
1671133002.7232788,0.3913719654083252,1.1184261184261184,11.510000228881836,5.038164529990619,1888.5304544011697
1671133003.2227604,0.4994816780090332,1.0510510510510498,11.510000228881836,6.042528468084646,1894.5729828692542
1671133003.6723661,0.44960570335388184,1.0780010780010758,11.470000267028809,5.559227344681116,1900.1322102139354
1671133004.0402758,0.36790966987609863,1.1203511203511187,11.470000267028809,4.727796594328582,1904.860006808264
1671133004.4733362,0.4330604076385498,1.1877261877261875,11.489999771118164,5.909963961129146,1910.769970769393
1671133004.919728,0.4463918209075928,1.1203511203511187,11.489999771118164,5.746327861464006,1916.516298630857
1671133005.3861587,0.4664306640625,1.1049511049511043,11.489999771118164,5.9217514441095584,1922.4380500749664
1671133005.8447163,0.4585576057434082,1.0356510356510351,11.510000228881836,5.466164247169145,1927.9042143221357
1671133006.2492254,0.4045090675354004,1.0010010010010006,11.520000457763672,4.664609252429797,1932.5688235745654
1671133006.6788743,0.42964887619018555,0.9605759605759604,11.520000457763672,4.754423789065803,1937.3232473636313
1671133007.1862383,0.50736403465271,0.8239008239008225,11.520000457763672,4.815563475208805,1942.13881083884
1671133007.6099503,0.42371201515197754,0.9432509432509432,11.539999961853027,4.612154371599177,1946.7509652104393
1671133008.020039,0.41008877754211426,0.9336259336259343,11.539999961853027,4.418314220832935,1951.1692794312721
1671133008.4146578,0.3946187496185303,0.8489258489258483,11.539999961853027,3.865923725254192,1955.0352031565262
1671133008.7934709,0.3788130283355713,0.9682759682759688,11.539999961853027,4.232820653862686,1959.268023810389
1671133009.1704695,0.3769986629486084,0.8527758527758513,11.5600004196167,3.716486453632887,1962.9845102640218
1671133009.5915704,0.4211008548736572,0.762300762300762,11.5600004196167,3.710823745630263,1966.695334009652
1671133009.9996958,0.4081254005432129,0.7738507738507735,11.579999923706055,3.6572900344103108,1970.3526240440624
1671133010.3781123,0.3784165382385254,0.7565257565257563,11.5600004196167,3.309418397137733,1973.6620424412001
1671133010.7296326,0.351520299911499,0.8239008239008225,11.600000381469727,3.359567341173848,1977.021609782374
1671133011.1302063,0.40057373046875,0.7411257411257417,11.579999923706055,3.4378183005750165,1980.459428082949
1671133011.499729,0.3695225715637207,0.7680757680757677,11.579999923706055,3.2866510141982443,1983.7460790971472
1671133011.898988,0.399259090423584,0.8219758219758223,11.600000381469727,3.8069034259652756,1987.5529825231124
1671133012.265426,0.3664379119873047,0.7449757449757447,11.579999923706055,3.1611935670964604,1990.7141760902089
1671133012.6759968,0.4105708599090576,0.7064757064757071,11.510000228881836,3.3385715403669964,1994.0527476305758
1671133013.0852554,0.4092586040496826,1.0087010087010067,11.510000228881836,4.751553307485674,1998.8043009380615
1671133013.4710653,0.38580989837646484,1.1473011473011447,11.510000228881836,5.094788101748509,2003.89908903981
1671133013.8791063,0.40804100036621094,0.9836759836759834,11.510000228881836,4.61988541596947,2008.5189744557795
1671133014.2477853,0.3686790466308594,1.0395010395010382,11.510000228881836,4.411118410712186,2012.9300928664916
1671133014.6237848,0.37599945068359375,0.9182259182259174,11.510000228881836,3.973855673278986,2016.9039485397705
1671133015.0275621,0.4037773609161377,1.0395010395010382,11.510000228881836,4.831057709523953,2021.7350062492944
1671133015.4199421,0.3923799991607666,0.9471009471009462,11.510000228881836,4.277386211275399,2026.0123924605698
1671133015.8363044,0.41636228561401367,1.0549010549010551,11.489999771118164,5.046649353952366,2031.059041814522
1671133016.214543,0.3782386779785156,1.0472010472010467,11.510000228881836,4.559018316271933,2035.618060130794
1671133016.6048028,0.3902597427368164,1.0010010010010006,11.489999771118164,4.488572927650303,2040.1066330584442
1671133016.9843292,0.37952637672424316,1.0125510125510122,11.510000228881836,4.4231758821097955,2044.529808940554
1671133017.3805325,0.39620327949523926,1.0972510972510983,11.489999771118164,4.995099112012867,2049.524908052567
1671133017.758114,0.3775815963745117,1.0067760067760063,11.510000228881836,4.37541254397093,2053.9003205965378
1671133018.1579125,0.3997983932495117,1.14922614922615,11.489999771118164,5.279181138479615,2059.1795017350173
1671133018.5540268,0.3961143493652344,0.9933009933009946,11.510000228881836,4.528733629703419,2063.7082353647206
1671133018.9152775,0.361250638961792,1.2859012859012853,11.510000228881836,5.346771036431561,2069.0550064011522
1671133019.2884943,0.3732168674468994,1.3013013013013,11.510000228881836,5.590034132790071,2074.6450405339424
1671133019.681045,0.3925507068634033,1.037576037576038,11.510000228881836,4.68803698550613,2079.3330775194486
1671133020.0659876,0.38494253158569336,1.037576037576038,11.510000228881836,4.597176348980696,2083.930253868429
1671133020.4415329,0.3755452632904053,1.0048510048510038,11.510000228881836,4.343494661344886,2088.273748529774
1671133020.8307657,0.389232873916626,1.0048510048510038,11.489999771118164,4.493980711510641,2092.7677292412845
1671133021.2258809,0.3951151371002197,1.0568260568260555,11.510000228881836,4.806207457137046,2097.5739366984217
1671133021.622401,0.39652013778686523,1.027951027951029,11.489999771118164,4.683361631149455,2102.2572983295713
1671133021.9964025,0.37400150299072266,1.0106260106260119,11.510000228881836,4.350499782741051,2106.607798112312
1671133022.4035575,0.40715503692626953,1.0703010703010698,11.470000267028809,4.998379187918952,2111.606177300231
1671133022.7743418,0.37078428268432617,1.1858011858011848,11.449999809265137,5.034295177994628,2116.6404724782255
1671133023.1590106,0.38466882705688477,1.1858011858011848,11.470000267028809,5.231934538810033,2121.8724070170356
1671133023.606161,0.44715046882629395,1.11072611072611,11.470000267028809,5.6967098447995586,2127.569116861835
1671133023.9971309,0.39096975326538086,1.0318010318010322,11.489999771118164,4.635100318175631,2132.204217180011
1671133024.392468,0.3953371047973633,0.9471009471009462,11.510000228881836,4.309622010506544,2136.5138391905175
1671133024.8033736,0.4109055995941162,1.1261261261261246,11.489999771118164,5.316785186134641,2141.830624376652
1671133025.1573963,0.354022741317749,0.8855008855008856,11.510000228881836,3.6082406318904803,2145.4388650085425
1671133025.5515456,0.3941493034362793,1.0491260491260495,11.510000228881836,4.759526684678967,2150.1983916932213
1671133025.9404383,0.38889265060424805,0.9278509278509262,11.520000457763672,4.156812530332746,2154.355204223554
1671133026.3120255,0.37158727645874023,0.9913759913759894,11.520000457763672,4.243768925416715,2158.598973148971
1671133026.7021291,0.3901035785675049,0.8681758681758683,11.520000457763672,3.901576624810348,2162.500549773781
1671133027.0790207,0.3768916130065918,0.8720258720258713,11.539999961853027,3.7927275881123674,2166.2932773618936
1671133027.4938846,0.41486382484436035,0.7911757911757907,11.539999961853027,3.787776666864761,2170.0810540287584
1671133027.870193,0.3763084411621094,0.8412258412258399,11.5600004196167,3.6594381831679117,2173.7404922119263
1671133028.2499888,0.37979578971862793,0.7796257796257793,11.5600004196167,3.4228998091340896,2177.16339202106
1671133028.6393583,0.38936948776245117,0.766150766150765,11.5600004196167,3.4485299797568874,2180.6119220008172
1671133029.0298154,0.3904571533203125,0.7854007854007851,11.5600004196167,3.545051631130866,2184.156973631948
1671133029.423181,0.39336562156677246,0.5698005698005694,11.579999923706055,2.5955406653742483,2186.7525142973223
1671133029.7980099,0.3748288154602051,0.9009009009009001,11.5600004196167,3.903622760364322,2190.6561370576865
1671133030.180448,0.38243818283081055,0.6814506814506814,11.579999923706055,3.017895744423435,2193.67403280211
1671133030.5655231,0.38507509231567383,0.6910756910756902,11.579999923706055,3.081623671228034,2196.755656473338
1671133030.9469862,0.38146305084228516,0.8027258027258023,11.579999923706055,3.545914482856301,2200.3015709561946
1671133031.3459694,0.3989832401275635,0.7719257719257708,11.579999923706055,3.566471436792767,2203.8680423929873
1671133031.723301,0.3773314952850342,0.5101255101255091,11.600000381469727,2.2328425630446533,2206.100884956032
1671133032.1122556,0.38895463943481445,0.7507507507507505,11.579999923706055,3.3814524737089084,2209.482337429741
1671133032.5128586,0.4006030559539795,0.7700007700007705,11.600000381469727,3.5781901916409518,2213.0605276213823
1671133032.8946204,0.3817617893218994,0.743050743050742,11.579999923706055,3.2848798329319506,2216.345407454314
1671133033.2750194,0.3803989887237549,0.7777007777007765,11.579999923706055,3.425787682299934,2219.771195136614
1671133033.6543715,0.3793520927429199,0.7931007931007935,11.600000381469727,3.490027683949402,2223.2612228205635
1671133034.044475,0.3901035785675049,0.6833756833756841,11.600000381469727,3.0924127769490592,2226.3536355975125
1671133034.4045503,0.3600752353668213,0.7238007238007245,11.600000381469727,3.0232236048018453,2229.3768592023143
1671133034.78133,0.37677979469299316,0.7873257873257877,11.579999923706055,3.4351890110566874,2232.812048213371
1671133035.173939,0.3926088809967041,0.7064757064757071,11.600000381469727,3.2174762900288245,2236.0295245034
1671133035.5583699,0.3844308853149414,1.0087010087010067,11.600000381469727,4.498199680723564,2240.5277241841236
